Company Name,Position,Duration,City,State,Sponsor,Online Application,Cover Letter
Domeyard LP,Software Engineer,All,Boston,Massachusetts,Yes,http://domeyard.com/apply.html?gh_jid=1079185&gh_src=kkcsvms51,No
Duke Creek Technologies,Software Engineer,All,Boston,Massachusetts,Yes,https://duckcreek.wd1.myworkdayjobs.com/en-US/duckcreekcareers/job/Boston-MA/Software-Developer-Intern_REQID50632-1?jobPipeline=Indeed,No
Google,Software Engineer,Fall 19,Palo Alto,California,Yes,https://careers.google.com/jobs#t=sq&q=j&li=20&l=false&jlo=en-US&jc=SOFTWARE_ENGINEERING&jc=USER_EXPERIENCE&je=INTERN&jcoid=7c8c6665-81cf-4e11-8fc9-ec1d6a69120c&jcoid=e43afd0d-d215-45db-a154-5386c9036525&jed=BACHELORS&jl=37.09024%3A-95.71289100000001%3AUnited+States%3AUS%3A%3A1850.0791085354365%3ACOUNTRY%3A%3A%3A%3A%3A%3A%3A%3A%3A%3A%3A%3A%3A%3A&jld=20&,No
Chegg,Software Engineer,Fall 19,Santa Clara,California,Yes,http://jobs.jobvite.com/careers/chegg/job/oXbd8fwd?__jvst=Job%20Board&__jvsd=Indeed,No
Qualtrics,Software Engineer,Fall 19,Seattle,Washington,Yes,https://boards.greenhouse.io/qualtrics/jobs/755570?gh_src=dh2tb01,No
Datto,Software Engineer,Summer 19,Rochester,NewYork,Yes,https://www.datto.com/careers/job-board/post/1254059,No
Motorola Solutions,Software Engineer,Summer 19,Chicago,Illinois,Yes,https://krb-xjobs.brassring.com/TGnewUI/Search/home/HomeWithPreLoad?PageType=JobDetails&jobId=219017&PartnerId=30162&SiteId=5286&source=Indeed.com&sourceType=PREMIUM_POST_SITE#jobDetails=219017_5286,No
Contrast Security,Software Engineer,Summer 19,Baltimore,Maryland,Yes,https://jobs.lever.co/contrastsecurity/ee23b08c-afe0-47d9-9811-f571eb63c82d,No
Cox Automotive,Software Engineer,Summer 19,Irvine,California,Yes,https://jobs.coxautoinc.com/job/-/-/1645/9351457?src=JB-10003,No
Google,Product Manager,Summer 19,Mountain View,California,Yes,https://careers.google.com/jobs?utm_source=indeed&utm_medium=jobaggr&utm_campaign=freeaggr&src=Online/Job+Board/indeed#!t=jo&jid=/company/associate-product-manager-intern-summer-1600-amphitheatre-pkwy-mountain-view-ca-4156080579,No
Quantlab,Quantative Research,Summer 19,Houston,Texas,Yes,https://www.quantlab.com/careers?p=job/odUj8fwi&__jvst=Job%20Board&__jvsd=Indeed&nl=1,Yes
SIG,Software Engineer,Summer 19,Bala Cynwyd,Pennsylvania,Yes,https://careers.sig.com/job/SUSQA004Y1211/Software-Engineering-Internship-Program,Yes
Axciom,Software Engineer,All ,Conway,Arkansas,Yes,https://acxiom.wd5.myworkdayjobs.com/en-US/AcxiomUSA/job/Conway/Intern---Software-Engineer-in-Test_JR005141,Yes
VMWare,Product Development,Spring 2019,Palo Alto,California,Yes,"https://careers.vmware.com/search-jobs/ALL?orgIds=1567&ac=44358&alp=ALL&alt=0&ascf=[{%22Key%22:%22job_status%22,%22Value%22:%22Internship%22}]&",Yes
Zynga,Software Engineer,Spring 2019,San Francisco,California,No,http://jobs.jobvite.com/careers/zynga/job/oJgl8fwc?__jvst=Job%20Boards&__jvsd=Indeed,Yes
Proofpoint,Software Engineer,Spring 2019,Broomfield,Colorado,No,https://chj.tbe.taleo.net/chj04/ats/careers/requisition.jsp?org=PROOFPOINT&cws=1&rid=39198&source=indeed,Yes
McKinsey & Company,Data Scientist,Spring 2019,New York City,NewYork,No,https://www.mckinsey.com/careers/search-jobs/jobs/data-scientist-summer-intern-university-students-2737,Yes
Diverse Computing,Developer Intern,Spring 2019,Tallahassee,Florida,No,https://diversecomputing.workable.com/,Yes
EF Educational Tours,Developer Intern,Spring 2019,Boston,Massachusetts,No,https://careers.ef.com/job/ovU37fwj/,Yes
Google,Software Engineer,Summer 2019,Tampa,Florida,Yes,dkansdla,Yes